,mean,median,mode,min,max,std_dev
age,41.17009511170095,39.0,34,19,87,10.576210958711261
balance,1422.6578190665782,444.0,0,-3313,71188,3009.638142467341
day,15.915284229152842,16.0,20,1,31,8.24766732722993
duration,263.96129174961294,185.0,123,4,3025,259.85663262468205
campaign,2.793629727936297,2.0,1,1,50,3.109806660188575
pdays,39.766644547666445,-1.0,-1,-1,871,100.12112444301664
previous,0.5425790754257908,0.0,0,0,25,1.693562350607123
